ORDERID,MENUID,QUANTITY,PRICE,SUBTOTAL
4ab61add-e0ea-4842-8325-02eb79c2f7d0,454,1,186,186
e4632fa8-419a-47ed-a9c1-b196c472d32f,372,3,227,681
adc734c3-20da-4f04-93ca-1371ea9f91b6,6,5,93,465
2b70160f-fce9-46f6-bcb9-36afb53392b3,6,2,345,690
29c65d45-198d-48a4-9efe-ba423c3c81c1,319,1,55,55
7e3de7ff-c77c-4a3e-b995-a2bc02f064ef,75,2,480,960
6c52bf45-24f9-43a0-a325-6f18b992e149,53,5,156,780
7dd90402-3abd-4e32-a619-edc177318ddc,212,4,86,344
07701cf4-5b75-4561-a6c9-0b188b6f26f7,107,4,103,412
4925c3bd-c174-48fd-b71b-2eed8778735e,315,1,474,474
bcb57b95-cd64-40c2-b258-a501d711198e,364,2,323,646
3cce94de-3b3c-4983-945c-5e9ee3155aa1,58,3,194,582
660be292-9705-440e-a357-11f190454404,498,3,439,1317
a59293c6-30da-4f9c-93d1-a99c1414fc3b,390,4,216,864
e9ec3b1f-557a-465d-a468-74ed20fb1c96,396,4,200,800
c49a1e9d-ce17-4965-a06e-02e53c422423,167,3,87,261
abe6d286-d4d6-4aa0-9e0e-fc81eb8f3c67,232,3,129,387
2a67e3f0-27a1-4d6e-909c-66b823a904b8,435,2,395,790
6bcb1868-a3c9-43dc-9667-1bea83d9b0cd,31,1,101,101
bf20aad1-d871-45d4-84f7-eecc1104af9f,92,3,494,1482
0b9d24fc-04fe-4735-a41b-af0ab815a8ea,461,5,280,1400
03049463-da4e-44f1-b92d-c87f8cfb4678,336,2,344,688
8b6b6f47-e454-40fa-b7e2-63baa5abecf6,99,3,305,915
ac13f924-1427-485b-b2fc-69143e31c982,468,4,146,584
fcf742b3-f81d-4325-896e-e54a2f4fe07c,209,1,103,103
3ee61593-20b8-4fe3-a427-1a3d0c1048b5,155,5,116,580
997aa6b1-c01c-46e8-88b3-e4a831ac88df,443,4,394,1576
d66147b5-8111-4192-8fdb-e76ac3ab760c,191,4,471,1884
432d07d9-7199-429a-9ddd-05a15a328790,436,5,320,1600
761627ef-eb01-44ad-909c-becdea174ed1,477,5,172,860
f0593b65-b4f6-4c4a-a7b1-e5d42e316ea3,164,2,330,660
4fa28f32-f545-4ac6-ba50-5b49068828bf,128,3,372,1116
afcefc41-7b6d-414d-946c-86fd36b79c64,60,3,251,753
6f94fc92-5fe0-45d4-8bc9-0387fa07c3da,23,5,383,1915
0ae2374a-2788-419d-b91c-3d537ba61460,271,5,163,815
8af26504-a33e-4b3c-84fb-d3c6220513f6,303,1,338,338
fa9c01f7-1cfd-4e42-9a08-c341a7ab8087,345,5,473,2365
7adc1b97-a959-4842-95be-19aec35a4190,427,3,299,897
f2c1416f-3bae-4a1f-b821-fc1aefc41dd5,140,3,228,684
4eda8db1-f00b-4c85-a852-82949090a655,432,4,232,928
4b8d10e9-a245-4df2-b31c-2bb2669c09b2,42,2,62,124
eeee3560-699e-4eb8-95b9-7d1587ba3f82,285,3,310,930
d79fbcd8-cbaf-4a2a-947b-c44d8e00e013,308,3,172,516
907c2578-5d77-4076-a0fc-e28e7a40fd8f,257,3,266,798
eda8994d-8d0c-41af-b3ed-6e07bd2d12d0,36,2,393,786
3e6f207e-bfc8-4ae5-b8b7-46f308e215fb,235,1,319,319
df670598-a2b6-4df9-9b25-55c2712cd133,40,4,287,1148
0f895e2f-91b6-4f07-9691-146db3dd7f8e,278,3,429,1287
1e49069c-c9e7-42c0-b014-906af193b1d7,258,3,314,942
2e3cb6e9-6f57-4337-b7ff-0676cfd29ed8,353,2,429,858
619cbcd3-41cd-41e3-a88e-aaa3e28d6be9,118,2,399,798
51b8aedf-1d11-47fd-bdbe-95d348b60d86,164,1,153,153
a378000f-bfea-49ff-96e4-716d418ccd40,388,1,463,463
a6b44462-4352-4f0c-8241-72f251b5d3bc,494,1,165,165
e0da2131-afa4-497c-8a0f-1b4d11778c0a,102,2,88,176
e7dbd366-56f0-4da8-99a6-f3d411b97ef4,328,2,293,586
2b7be523-f7b8-4c23-ad75-40d455e35e8e,394,3,187,561
ecb6a678-926d-4ef0-b9c8-afc1c2798f18,119,5,159,795
4b1cf6cb-a6f4-4c84-9735-6595cb94cbe7,178,5,253,1265
a6b56d16-bf0a-4710-ac4a-64f9a3e4bf70,289,5,232,1160
484a9d12-8f74-4d3d-a229-5cf8152aeac7,404,3,500,1500
c10003aa-6223-4951-8b3a-7d0f2530f9b2,128,5,154,770
3550a274-030b-46b1-8df4-0dbadf54fb7c,479,4,440,1760
7b10c62f-5b14-4f0c-86e7-cd10ad18cc53,124,4,63,252
98f7909c-d51b-42bf-aa12-3e1e8ba3a66a,29,5,55,275
70acde67-cc4c-46c0-996c-221cdee78a2f,115,2,74,148
37dd9a95-a937-4e0d-96b5-3c4ec1beacbc,110,1,78,78
8208db47-8fa7-4c73-a5bf-a7ad6096a3a8,13,1,249,249
21d09a05-69de-4d10-a2ae-af873785502a,73,5,397,1985
c0299f6f-32e7-40cd-b853-3fe7b39403ee,82,2,324,648
055e074c-c992-4032-b37e-3f15be016619,275,4,368,1472
6f3c4970-7aa3-4e94-9496-baf0f00f3a50,246,1,83,83
caff5e05-336d-45d3-9a5f-969cbf9924ea,63,2,54,108
16dad188-d83e-40bf-be17-4b1ba8402994,175,4,239,956
4a3108e6-4bb5-4199-a6d3-f11fbe23e5ec,100,5,144,720
4a7b2942-af87-41e5-9bf0-0635ea5f3e3c,390,4,428,1712
de17492c-7ea3-4283-93fe-1b293b17ad10,410,1,313,313
86052efb-9c35-47fe-b424-d59aed95b8cb,319,3,293,879
d0b22b1c-964e-4c65-b4c2-e16671aa3d1a,406,3,460,1380
1ddf19df-de64-4433-b505-28ecbb37fbb0,121,3,247,741
960f3fd4-ba30-4836-bd49-4cb7cfb21377,258,2,438,876
24fb8080-9805-4071-9053-ed838d21ed55,4,4,439,1756
7dfeeebf-e63a-4ac2-acbe-b5073dec6c77,228,1,113,113
fb2b1251-53ac-43da-b66a-3b2b65deab7e,445,4,474,1896
8cc8d779-1da7-4a37-95eb-f211194ad1f2,86,4,464,1856
e33c81e1-c526-415e-bec6-4cb5f0be5a2a,300,4,261,1044
3daa1d81-ba3d-4491-812a-37b0ffd32524,233,2,186,372
3ebdba3e-5e3e-4083-b43a-fe416f31e305,74,5,441,2205
3d504f33-b786-4818-8556-d365fd7cf0ca,38,5,282,1410
4bfef394-0d8c-4bb1-b8e5-27d52a831f8f,66,1,492,492
a41601a8-59b9-4f71-9f65-dd20d33d74e2,287,5,125,625
b6190fd8-bb39-4c0d-9859-5f30a04536bd,110,3,288,864
13e2f0aa-7fde-4ccc-b321-3d7de55a7420,226,5,325,1625
0b0bb694-3027-4b29-915c-75788f107000,283,4,436,1744
ee24d5ef-e773-4eb0-93ef-9ecadb378fa8,252,3,320,960
00dbdbc2-864d-4806-b60e-cb43b2a7640f,368,4,208,832
17012bda-4d1b-451b-a0a7-c9b3dc613477,310,3,226,678
fdf83245-0205-4592-bff7-e65b1d6e5bdb,445,5,282,1410
d9fb825b-b205-4fad-9765-4863e3bdf37a,491,2,497,994
36b69f76-089b-4c22-b928-33c5da7e20fd,65,1,288,288
c852604c-3a9a-49b5-83ca-3d0c5082cfcf,334,2,282,564
064af4a4-4543-4da1-8ca6-3b7761195c9e,259,2,124,248
d6960859-a8d0-420f-8e21-37ec18254bf2,69,5,237,1185
b6c1de43-3397-422e-b5f9-a252bc283657,498,2,188,376
ff428460-b220-42e4-abc9-0f073b7b0a53,230,5,277,1385
2c2c9452-16d3-4273-a570-a185228ec2b4,236,5,165,825
31b47c22-faab-440e-b874-7ff6696a435f,293,3,159,477
2c8ee0ec-df63-4135-ba49-b2f77089fd01,332,4,310,1240
da889080-bb2b-4738-b4ff-c42ae391f4fd,456,4,255,1020
21956c25-68e5-4b13-b81e-f79578594c09,316,3,468,1404
3aaf0f5d-ec45-4988-a7e7-c1ccf4b2c844,172,2,377,754
bb82b84c-445f-4dd8-a8d1-9d55ecf8d554,6,2,463,926
24e3d349-2af5-4305-8adc-784187a4088b,25,2,178,356
fa382f9d-b4b5-41ec-bf00-fbdac0618fba,352,3,112,336
3f93f4cc-9a02-488c-a1be-a40c5bdce28d,274,2,363,726
5922eb97-284a-4f25-825c-6e3fa92a24dc,207,3,263,789
d7c66fef-5a07-4c26-840b-ccb7049f17c7,406,4,409,1636
eed33f20-ed2b-4bb1-8271-33472d5d0c1e,285,4,276,1104
cd2fc988-fe1a-421e-9d81-b88ae8def03c,211,1,51,51
eec83aaa-119c-4ee3-98ac-a115ae7f1ae3,317,2,263,526
ca4e6fc5-9bc6-48e4-ac49-515b77b0ea02,255,3,75,225
7d18f7fb-4eb7-4304-8439-87a0158678dc,445,3,57,171
ce2a1695-f890-4318-be9f-448b6ff13bf8,407,2,111,222
5058fff4-2c32-4254-a533-d8a5f46be8a2,96,2,457,914
f17960e1-78c3-4da4-a0fa-9047fbaf24c6,284,4,134,536
a3d736f0-64e3-4a9d-9fa4-682b2a86e02b,300,1,67,67
fb11eb20-c55b-4c45-85c3-2ed48df9ec6c,173,2,103,206
9f2a0a68-9ebf-46c1-a871-122bbd022959,257,3,150,450
b16d0734-504f-4bb7-908c-e3da1d5490c1,155,1,343,343
53cae279-74c0-4c66-b4e1-43d436ad8300,427,3,486,1458
2a278f51-76cf-4f6d-89c1-e8d7f7eb5001,418,5,158,790
b8bb1883-5529-4080-9953-f92483bea5e9,180,4,111,444
36f1e483-fbbd-47a5-a30e-35233a200265,385,2,402,804
8b0341a2-5219-43f3-aef9-60620bf30597,254,4,487,1948
89352024-7fb3-4e07-b284-86689809cdaa,466,1,232,232
236e59c6-e57f-4b1f-8ac4-6e68cb19c8c4,435,5,128,640
6fa0a1e2-e5d5-4d8c-a670-30bb7e0ec2e5,190,1,333,333
0a9aebe4-663b-4cda-8150-49c4cc63bf0f,463,1,430,430
9853b4a2-7f15-4a7c-b975-deba010ae7e8,32,2,369,738
9ac80011-63f6-4737-ae2a-70c773c0da03,203,4,202,808
96236b13-70a9-4636-96e4-eae9d2d8e38d,108,4,251,1004
7b355d11-6e45-4b30-a6e4-5ca5e81381f8,440,1,63,63
8e978700-0944-4e3f-a165-2c37a2e7a122,229,1,471,471
cbac0880-3476-4673-bea5-27bd56163803,21,4,126,504
676a0f10-d992-4997-9e71-a2769ef44a6c,173,2,435,870
8307fe64-82d2-4b10-ac72-aca1ef6f82b6,365,4,272,1088
cbc26da3-4884-4efd-8040-057a39011143,17,1,472,472
c2439b59-17d6-4a91-8cfb-bf3e0a6e801d,201,1,297,297
b29c5f88-8c8c-4e9f-bf4e-3ca1963226c2,25,5,368,1840
5cadd18b-4989-41f1-8eb9-366482183ba1,444,2,94,188
193160e0-b680-41b8-9a6c-a35788c5e31a,44,5,430,2150
2547d0f2-89df-47e2-9507-09a71e633555,332,2,103,206
b63627c9-7155-4ae0-9c48-962df88f8ac7,148,4,66,264
fd395f6f-3228-4b9f-836c-d02f50813f64,441,4,428,1712
a70ff52b-3396-4d71-962c-aa6c84823bcc,217,5,159,795
251270b8-395f-4d93-9ff3-8d0ffbb4b37b,9,5,218,1090
08315d69-8e61-481f-a645-7dec684a1b8f,250,2,103,206
721d23ee-31d7-4b61-957c-b8f79e7c56f0,197,5,129,645
2fcb3991-5277-4f8b-8cd6-75829514fd04,138,1,124,124
3eafc9b8-5164-48ec-a772-1442d38e92f3,84,1,54,54
0e257548-7b8a-49b0-8f4b-66c314170160,171,4,225,900
726293d8-3a5a-4f7a-af79-ee9fc4221439,132,1,497,497
4588c1fd-59b4-4263-90be-ad624caf7108,15,5,381,1905
694cec87-6248-4995-93e5-00384521639e,249,3,256,768
8978e3c1-6bfe-4c52-81b8-be21f5f878b0,247,2,495,990
8470b4f4-8cfe-4e1a-bd98-9cc2c94509a5,171,4,71,284
623a1d57-7090-43cc-ba2e-c336cf4ccc65,18,2,241,482
79d05f86-7349-4355-acdf-c2bddb00a199,50,2,472,944
5c51bbde-4b2c-4ed2-8605-587df4aab5fc,92,3,400,1200
64b9601c-2608-488e-9784-9c5d3699516b,423,3,129,387
1510dac1-6c43-4582-a8de-4589437a2644,85,1,103,103
9e474444-15ce-4502-a608-d86a373d6ff3,214,5,398,1990
712445b7-e5bd-4551-9455-9b28b508c072,428,5,284,1420
a00bcaa1-a243-4771-8fab-7d383d0b8d51,63,5,141,705
e4362f6e-228f-4095-94e2-10047b1cb93a,220,5,110,550
ddb4957a-c6e4-4a62-b3d7-4cfbb38548d9,322,4,104,416
17e54b71-7eb4-4257-8fd0-9f455752d668,366,5,121,605
061c1d3d-2486-4257-ba4c-c37a1fa9de9a,404,2,300,600
947397d2-29d5-4daf-b009-f48fab6c837e,494,2,378,756
ecfa5e15-6bef-450d-bc10-6ed88243ed09,62,5,397,1985
fc957342-e68b-448e-b259-dd5c39a4b660,43,2,81,162
b5eaf924-ec3a-4022-acef-c7eae83ede5d,33,3,78,234
41026a50-1ab8-4c59-8f40-f501ec94bbaa,194,5,63,315
2f625a18-93a0-4fba-b562-97d3e03fd45c,37,3,90,270
2968fec4-6bd7-450f-894e-29e1df4fe484,266,1,119,119
fb6023fe-4758-44f5-add3-04fd3eb00df2,451,5,452,2260
997a09a3-d00f-4cb0-8ac2-9bf96bda531d,457,3,257,771
3ccdeb4b-9c99-4300-9c19-4217822477c7,213,5,193,965
b985367c-beef-4893-97f3-d513c6af8649,305,4,335,1340
090680b6-bedd-463c-9b14-34c1b8d1830c,208,4,355,1420
70776ab3-2d80-46f7-8347-ff1ab77cd9a1,199,2,376,752
845b23e6-3d66-4906-b785-3f4c87c6bd14,436,1,384,384
1f5fff40-157c-4598-867e-738a7309ab01,362,1,277,277
e3ad435d-9df5-48d6-8292-94382f533956,309,2,150,300
9905ca37-a90c-463e-9709-a6b1996acc5a,322,4,79,316
9f32b7b1-69cd-4861-aa00-b8bacd1f66f0,301,1,142,142
30139bf1-9e72-4661-aac8-50f275ec21a2,9,5,175,875
fec6f9aa-e60e-4e3a-95ef-c933551a150e,310,1,376,376
0b99c0bb-e239-42f3-92c3-a393093fa976,332,5,226,1130
69639512-deba-4472-bdf2-f1e083dc1960,251,3,346,1038
5a7ac9b8-89ea-4a3b-8d9b-00630d98eddb,11,1,103,103
218a8846-60a4-4cc2-b2dc-44649b000678,421,5,278,1390
7fec98ce-5d77-40cc-b110-d45969a056fc,468,4,188,752
56e87f30-14f3-46e4-8ce4-9d0f7c655f88,437,5,98,490
15ee239f-9b3d-4f3a-934b-fa07ff5bcb0f,71,4,344,1376
e9fdd3bd-bb19-424f-bd89-7e5038d55cbd,279,5,467,2335
40ff8b82-2002-4c11-96b8-1afc462d693c,327,1,234,234
b7decabd-e16f-484b-be41-ad65e43f1204,428,1,262,262
b39bc1d8-4240-4491-a79e-35e9d69cedda,90,4,470,1880
74a3a4de-6afb-479a-9091-c73a2137580c,485,4,122,488
c95fa263-6aec-4ed1-af37-82b22fc57056,380,5,94,470
914ca57e-768b-4272-9811-72da6bf7ee18,456,5,352,1760
093c0f4f-6ad6-40ec-a1e3-5c67f09512bb,388,4,440,1760
87c16868-a9a7-4406-895c-791f04d7b079,69,3,143,429
26c59583-8038-4495-b81f-9ac3b32b32c6,31,4,321,1284
5f297939-d913-4d1f-a6c5-29356ada63c2,275,5,180,900
314c3f3f-f3da-48ed-a1e9-843e4a84e658,85,5,456,2280
65a35f1b-8b42-4854-9d9a-137f89034550,483,5,469,2345
09171442-f9a2-4bc3-85ee-d3fee8124777,499,3,128,384
faaa0326-7ad4-496f-8981-d8fc88c136f0,394,3,182,546
4398927d-0eba-4e08-94d8-457def9f5265,205,5,477,2385
0f03034e-6cd5-49d0-9b6a-9d43b40ed72d,337,5,209,1045
c8232eb1-d7d3-46f1-9187-983b40cd7fcd,313,3,251,753
7e9be2c2-000e-464c-b96d-a08d7d3de402,164,3,211,633
f55258b8-f341-4f59-9013-cbeb66253a98,125,3,278,834
608641c5-49a6-4890-9227-4a26ac806f30,93,3,51,153
61a0f8b3-a75e-4436-bf10-9c72a586e32e,119,5,305,1525
7d158b13-b79d-4e23-861f-cc10de0a7c99,123,3,452,1356
bac4fa2c-d8d1-4bdd-b337-10aba6d35fba,468,2,390,780
48d7d1e9-c78e-4fc2-9701-2b6a8b14f40c,295,2,339,678
18e9db4e-0dbc-4688-b8ba-94a189d219e8,16,4,444,1776
245837e3-682b-429d-a229-172bd2f615da,79,1,285,285
e207a12a-bf0e-4461-af52-1ab2f0af4fe9,49,5,415,2075
571b076e-939b-4a7b-9398-e5d9f7564bfa,182,4,107,428
22d6a8c9-ee29-4fc9-b265-97042343dac7,377,5,406,2030
ba365b03-ffe8-4057-9eae-5d4762a4705e,233,1,454,454
9b7a6941-38f4-46f1-99d1-969e4c7e9f0b,487,4,181,724
a5ca434c-886f-4455-a219-350b79d9c7ce,99,1,193,193
d1ce00f3-f494-402d-a62d-29152b9f9b38,275,5,401,2005
415ceeba-d322-43ed-aa00-3f3e6276bac0,224,3,147,441
0008e34b-598e-434b-8c4f-1a0282d35620,276,5,171,855
61d633f9-d095-43a8-b1e6-b77950405c4f,202,5,128,640
adc646bf-6db9-498b-9047-586e4ffd571c,472,2,332,664
60219aa5-2a23-49fc-a960-7703b6a138f3,46,4,158,632
eb30b8f0-b3f1-4d58-90d2-9a154be737e3,203,1,271,271
e8cb82f4-8ef0-4518-b353-889e15b3bbbf,57,2,284,568
29467d2a-92c5-407c-af5b-673fae725d9b,75,1,455,455
527764ce-ffa2-41a2-a5ac-6e06db2700a1,371,4,410,1640
e1aaa7ee-412f-4e2f-bed1-ab1e469bf07e,220,4,50,200
9048d117-661b-4fc8-83fe-68bbedbd68e5,295,3,101,303
6b6d3f8b-a84c-43db-afab-c87f8650ff57,412,4,411,1644
82fcb617-6c45-476f-9e14-060bbfe90fa7,133,4,393,1572
accefbb0-03bb-4a52-a20c-fad787f303c4,356,2,175,350
ea54bef9-c722-4dc8-855c-769379f8963b,369,2,318,636
15b42ae9-b0b2-46bb-9b8d-91c09df39e02,135,3,83,249
1beb87f9-4b23-4d96-9387-c2d08430810e,30,2,486,972
8802ec8d-fc92-4be3-b5b4-a1d68a28ff86,197,4,227,908
3c0c9a45-fdf8-40cf-8c73-23aaa13b8640,151,1,309,309
3770a610-234f-45dc-8511-4edb8ee7df82,113,1,90,90
f61dfb5c-4216-420e-90e1-5371f0de5a89,182,5,468,2340
70b2b160-fb2a-4045-a2d7-f3b96725dc97,489,5,147,735
e122692e-ed46-4c00-bb8d-d9554b57219d,263,5,389,1945
348344e7-df46-4adb-a112-4b68b3184936,119,2,429,858
be67953c-5e9e-469b-8c5f-7b354f83d56d,322,3,492,1476
2d43a150-2e65-469b-acbb-288bf8eb1953,149,2,249,498
6832fe4d-334b-4dcd-963b-9e07c4789531,178,2,233,466
4531d6ab-d846-4a58-8f26-6dc85776f3f3,340,4,189,756
5827f2cc-4dcf-45de-9e41-04cfc02b6704,25,1,52,52
3086b888-12a5-4651-884c-cc69f30aa1cf,150,2,131,262
f735bfcb-1865-4992-a072-975a2c75e5ad,410,4,467,1868
2acc786b-bd92-4e08-bf20-3cac1cde1f96,450,5,67,335
08084d43-d883-4e50-ab7b-121c5a917527,328,2,54,108
d1f8caaa-f105-4d1b-a4ca-fdcbce3c257f,317,5,410,2050
ff3af445-16a8-432a-8482-8350d8635475,111,2,480,960
ebeb71c8-80a9-43c4-be36-30f2506eb103,472,4,186,744
47f58436-8c48-45c5-9b4a-5afb7246027a,118,4,127,508
73d87fa1-b871-4eb3-bf53-55ca1117d98d,396,3,405,1215
be9bece5-bccd-48ba-b9a3-1e763eb1f5cf,217,2,286,572
9bd4637f-7647-44ab-a990-602812df986f,310,5,62,310
0e63a419-3857-4dc8-8249-cd49e409fd7f,28,1,199,199
a5d7760d-cb6b-43c7-b79e-0f95564b88af,431,4,475,1900
d2c679aa-dd60-443d-8aaa-0b38b7759e78,314,5,163,815
5e48175a-0e63-449c-b9f6-549985b6509c,356,5,92,460
18429d38-01a4-4925-a00c-1a5a2047bb7e,489,2,107,214
a534cae4-44c4-4769-bfc3-2fd22b88eb15,467,3,471,1413
74efd6d3-6b14-4fff-a891-6eab55f7119b,322,1,459,459
d65188b7-2a93-4cef-a626-0633b118a79d,366,4,197,788
8d24934c-482d-4b2c-b0e8-0cbc07950366,61,4,337,1348
e3c4d988-6384-4cf4-9079-cdb09e27403b,434,4,70,280
8513a79d-4b92-4011-8b9f-1212f5cdaa19,178,5,106,530
650b8698-5521-4f47-af94-7d173c10bb5b,490,4,140,560
2ca8609d-d016-4e66-8f43-98e7710bdfd7,399,4,261,1044
b1c1c0ac-5760-48b4-8326-cf69db2f2f37,319,2,472,944
ef6ce499-ea05-4edc-b61b-17abaa811623,399,5,131,655
924b4624-a885-461d-b49c-a7de8dacc631,250,3,306,918
f5048118-0294-4863-9a20-7015847a457e,169,4,383,1532
27956e4b-ef97-466e-9527-1684d31ed303,3,5,90,450
e4b90312-1a82-4548-b806-2cec5669b10d,292,4,181,724
432fad72-3bdd-4ba7-b116-e99ce65ddfdf,153,4,218,872
746cdb0e-b0ba-4478-853c-68f099529187,294,2,146,292
5aadb40c-dfbb-4697-b57f-0985abc5e7f9,327,3,110,330
bedb4fa8-f4ef-47d1-a03d-209f820c0a2d,214,2,250,500
d6c1590c-310a-4753-8270-1ee58e4c8e5a,379,1,189,189
5c6da79b-1d50-4f4d-93fb-5859e983c044,26,3,160,480
aa57cea3-5d7c-4b2f-8bd0-59b827f7ca73,345,1,308,308
4543e901-2ba9-48fd-85d8-4381f4d664a8,206,2,272,544
eac09949-d5f3-4059-a8f0-3a32f425614f,67,2,185,370
80e41991-d23f-43e5-b61b-be12204dc0af,171,5,316,1580
a51fb42d-3f46-41b5-9663-bbb40ca70b25,426,1,287,287
dab7a3cf-f26f-4760-9204-ebfdc6629f2c,335,4,430,1720
3b24b3c6-ef2d-460c-a18d-c45a2c5c9bd5,47,3,96,288
3550e614-796f-429f-9f2e-b8b4e6c1e986,46,5,360,1800
65cd9be3-6f0c-4273-8ac7-e7a5206e9ed5,13,5,67,335
b2d9dac2-e020-46e0-95c8-b3d0a1bc2cb8,308,3,97,291
d4c570c4-a3ad-4dee-b7f0-88e48c307441,395,5,57,285
5826df14-6214-4469-b444-7c8be4c495c5,84,1,130,130
31ef2742-82ba-47fc-97f2-ca64fe2125d0,334,4,327,1308
66509052-3223-4c56-a3e8-ebad0c94b42e,100,4,71,284
8cc53c10-e095-44dc-a4e9-3f6e75244366,329,3,134,402
466ebbd6-d3d4-42e1-9465-4accd5f1da85,266,4,366,1464
69d903b6-b4c6-42c1-8d2a-2e540ff05e73,319,4,309,1236
3fcff025-65f5-4873-ae91-7035fd22c420,268,4,307,1228
0d1c63e2-d719-489f-a82f-5e734b8d305e,63,2,442,884
90f3d4a2-5aa6-4629-a1dd-4f232178d4db,34,4,457,1828
6b351286-1e9c-4148-bb84-39c209c2a790,495,1,419,419
0ff670ea-ea97-4184-be84-51100b208a3f,308,3,469,1407
0f6f395d-11b7-4385-95cf-b3845500bca5,95,3,205,615
f648c24c-63fd-4bf9-ab02-190350214a00,354,3,422,1266
ae3b9642-daa5-4169-8480-04ccbca0db5e,65,2,375,750
5de7685d-c652-4732-af0d-3b8639c03013,247,5,215,1075
b3355f1b-23aa-4f64-acfe-2d7220e78a8a,375,3,236,708
21243a1b-89f2-4b85-a586-82f3089515d5,443,5,319,1595
2ab296af-50c7-456d-ad44-bb8098c67668,348,3,119,357
0d755272-b80e-4b4e-96e8-b39bbb98bc83,48,4,266,1064
57f46707-eba6-4f70-b792-e3715afa1208,430,4,461,1844
de97f023-2148-4977-b2d7-cdebb424aa38,44,5,477,2385
5713954a-17e0-4075-bd87-967d0596c59a,362,2,62,124
9284d93f-e816-49c8-9b1a-80acc5e490dd,165,4,458,1832
dd08cd14-7622-4d29-9765-be52e857be5d,202,4,103,412
c24c8b7e-2677-4b21-be8c-1570393b3578,251,2,142,284
0a8414db-1a55-4144-bba7-3d90ebc61560,18,3,252,756
9e5c6783-0b80-46a3-9982-7d45c7bb89a3,288,1,247,247
35b1d63b-6d7b-405d-b7b5-c0c956332111,184,3,269,807
acdc3933-283f-446a-85e1-c986f45e1f24,441,4,187,748
b4e3a7a0-4b67-46cc-ba5e-9c40c34b2c97,316,4,184,736
a42da080-6c65-429f-8f21-1242eba66f08,445,4,50,200
7bb6c81e-01a3-4703-8ebf-e16fc1910e32,70,5,460,2300
3b3e3483-df96-4997-9179-7a8f855785dd,227,3,162,486
5c9807ec-fbd9-4f26-adc3-9c777139a709,185,5,211,1055
c30b5c19-be99-41df-828e-0b1c3bbb4460,303,1,419,419
33a8de08-4ea7-4ef1-b0bf-2a01e2e86366,86,5,485,2425
28550523-ef9b-4018-86df-406e721a143f,137,1,156,156
b3b83043-5c5e-45b3-b9b3-48a694772059,157,1,318,318
1640c685-e76f-4453-b6d8-e7f89e4a3896,257,3,79,237
9bff5496-6e94-4158-8ad8-85ae133c5161,102,1,268,268
8884184a-89f8-4bf1-a1b3-cae971003823,39,1,250,250
6231de09-61e1-4612-a478-afd2367e2520,66,4,213,852
bff630e8-369d-44b2-9be5-12d4a809825b,395,2,238,476
58d7277a-74ca-4c1c-9d2f-8ee81715ce56,141,4,66,264
3d88311b-d2d3-48c6-829c-69765d0e3e84,463,5,363,1815
5e6a6797-143f-496c-9ad5-317d97422512,13,2,462,924
9aade7ea-adc1-44e6-8f6e-905095ef6eef,61,5,255,1275
83506981-a5d9-429b-b89b-cad939197add,79,2,193,386
da61c429-9440-43d6-aa16-da1ccb433354,320,5,94,470
a009ed67-dd22-430a-ab44-126d5e6de39a,492,2,492,984
3fe0cdc1-dc15-45a7-8b86-7a7f322765f6,188,4,215,860
c2f79174-9345-410a-a8c3-646ff6f3f50f,119,2,217,434
a21b4e1c-0133-4bfd-98b0-cf804d939384,289,4,134,536
7c83d7e2-309d-4e2d-9907-588a61d5b021,253,4,344,1376
1ebf4397-b1fd-437b-80b9-eb2db77348e2,54,2,209,418
696a6b84-7662-4667-8fa4-ea59bf0edc26,391,1,80,80
71cb540a-2619-4736-a41f-148f972d3a1f,37,3,416,1248
5e36c433-e837-4e89-be8c-1a32f6685ca4,278,1,136,136
e429a15e-da46-4fac-b5ed-3b5c02fc3c3d,288,5,468,2340
dd3d82cf-086a-46b4-b3b7-1e5a0854d962,163,2,240,480
31f05521-13b5-4c14-bbc5-544af5991cf4,323,2,60,120
38836f6f-d42f-4639-bd58-2848d67de302,441,5,492,2460
9c488f5d-a9b0-477c-93d6-8af64d791ab5,343,5,293,1465
3fcb3ce3-f969-44a5-8a29-0333a8f25e9c,381,1,439,439
3357301b-17d4-4704-9730-ee43f4e78269,241,1,273,273
e4814add-5bdd-4785-b008-417e3e6e01e0,291,4,67,268
ca07e2b5-707f-41a4-ac3f-5f4aee83cb33,432,4,101,404
afe48ae9-2cac-4938-9a71-d3a08a8d11e3,48,1,169,169
4c4dfa57-3d7b-4d82-b037-2823a58ca313,28,1,149,149
3f0af74f-c590-4953-8475-5c4f0787495e,113,4,408,1632
fd91c2f4-e84c-4e5f-a4ce-d47f0fe7595a,323,5,88,440
e93d43a6-f273-440e-85e1-f8174d917428,73,3,279,837
768ec1f9-850f-4794-bcd5-7242ac17bfd8,203,2,119,238
48ffd97d-32a3-4d78-aef8-ed3c12d7ffb9,186,4,140,560
77c538ae-3eb5-437b-ad9f-4f6ed23abec5,433,5,244,1220
4b34d8e2-72b0-4ab0-a962-7b8c0499d4ef,276,5,65,325
cfa12925-9a0f-477b-becd-7f441f2f7654,201,4,347,1388
14290c92-337a-4450-824b-0008a0b6235b,101,3,114,342
5edf440c-d8a7-48fb-b7a4-bb125f1aea64,447,4,316,1264
d7251eaf-4690-4f32-90a8-fb1e461f565d,168,1,64,64
27ead73c-c496-4a65-bd4b-72e6830d5beb,164,2,186,372
eaa12146-00e3-4ad3-8f1a-c15cd05126f9,176,2,328,656
d5d6d7e0-82bc-464f-b140-558ca54a737d,421,2,157,314
41d3efaf-6793-4aff-9f71-5c2c1b4b4790,21,5,467,2335
d429a15a-880d-461d-a8ce-0cfabd29d1ee,1,2,286,572
dc5ab8d3-b2eb-4974-a1c4-47774c4df163,129,2,154,308
75565fa3-ae60-4c41-9652-a8ee457c6ebd,349,2,344,688
1bc8ef48-23b7-4c46-bf21-cd4de2711d9f,302,5,248,1240
a37d199e-8574-46f9-9b11-776ae3a1c79e,215,4,185,740
6d55c823-614d-4570-b325-a9efd25ff40c,311,3,107,321
c1d618c8-c574-4b0f-b890-c9c75ccc683c,368,1,276,276
8d0a3733-5aca-42b0-9b55-37a1c892eef6,265,3,345,1035
150daad0-44b7-4458-9227-59afcfa1bca7,323,1,356,356
6262c9f1-f67d-4d55-87e3-cc59c47bc3cb,84,1,51,51
72c1461a-9c89-4dee-a5d7-f9f6e31cac3d,224,4,383,1532
3de3b3e8-86b7-4f5c-ad61-83ef2b5963d4,112,1,82,82
69d1f8f4-dd12-4b94-93e6-184a393b1dd1,116,2,496,992
4d1fc51c-d833-47bd-bf2f-4f6ca18342ff,85,5,146,730
fb0e02ea-8a54-4ac2-882d-dcb813edbe78,134,4,50,200
5dd66b38-4493-40d4-84ae-41f8e1b07764,334,4,72,288
c5652a1e-b97b-4391-b18e-3f33609fd913,97,5,83,415
9857b8e2-6ce6-48ac-a119-ec4a9751928c,224,4,464,1856
d6f41059-a7ee-4931-8c35-6af840f54699,285,5,347,1735
4f324a2d-04d9-4bef-8a17-5286af0fca6a,187,5,453,2265
d57e3031-a5e9-4cb3-87c1-f6bc62560a89,48,1,163,163
d2e372de-08f3-4a88-863f-5f3b217ac77c,245,2,310,620
828e4f2b-0774-432a-b0fb-190bdc67070c,16,2,89,178
ca287810-41fc-4ebe-a581-6ed9a230fe70,201,5,76,380
f5a379a2-383a-4cae-bf43-60ca635e7755,454,4,369,1476
b41db1e2-4f98-457c-a159-154fa6658c67,105,1,402,402
49b160fc-a761-4d48-9aa2-d2c10ad3fa7e,37,4,360,1440
364e8f53-9015-4caf-a238-0e7c74c8ab6e,421,3,367,1101
eb79e575-e84b-4f2d-80d6-2d73618cd151,134,1,379,379
cddec419-83d9-4c75-8833-6ef353abd3c7,39,2,172,344
15f0e655-74bb-4d30-965f-c58104becec5,330,5,133,665
fe865c1d-7522-4a52-a155-cbf0ee7e83d4,459,5,419,2095
2c6c014b-5e7e-45c4-8a49-36544aecc4c1,414,5,499,2495
5334fe1d-1c28-4edd-ab2e-a9a489050720,206,4,55,220
571a171f-3621-4826-b76c-c65685224bf5,238,3,63,189
0cc40756-e45c-430f-abf3-4cb646643026,292,1,349,349
1842e802-a610-44c5-8f56-f4b142160747,191,2,68,136
adaecf9c-6942-499f-ba17-f48a03434d4a,92,3,334,1002
d158c899-9f13-4bcf-8e1a-e074b66e80ab,13,3,134,402
0989bd07-d285-4b30-817e-70a3b06c8be6,21,4,495,1980
3016d64d-366b-4d5a-a22f-af5ca73a7884,121,2,132,264
f5bc7ca0-e25b-4d9d-b1d8-77de63308610,344,5,355,1775
9e5c5d91-c3b6-4290-aa11-ddb7bd798ecc,437,2,394,788
93f39cc3-0308-4342-ba12-3c2185e8a2bd,214,1,213,213
a6dc7899-282e-4d40-90a5-29b0ae862f17,125,2,68,136
3d040798-2639-4cf9-b159-54f54a812c5d,241,3,117,351
08f291a3-95ff-4f93-b307-622f09426ff8,157,2,108,216
aa0e2456-fddf-4a2a-9d5a-00ce14224fd1,472,3,204,612
adc56aae-8c90-4a87-acc4-5f3611d7532a,405,5,86,430
b0544458-9e8a-49c6-93bf-654296e40ef2,170,1,163,163
8197d183-624b-408c-8ba5-53e1c5250835,102,2,412,824
aedbe36e-62fb-4078-be60-943864947b39,200,3,131,393
ac361b31-e30f-4dda-87fd-798911d6f537,33,3,260,780
48eebfcd-764e-4daf-b244-f6019ec71c94,469,3,489,1467
3cec1b09-e44c-498e-8004-371d14ff2695,299,2,449,898
55856c75-bf79-4e1d-9b29-8de0edd3ffe5,470,4,186,744
7cd41d9f-2a7d-45c9-ba79-1d1ea4528c1c,411,1,217,217
5d448e00-c395-480b-b769-7b9c0b0a9903,445,2,59,118
41b27ac4-7f08-4a06-8dcf-53f11c817bbb,142,4,211,844
5beec9b7-b705-44e6-a057-a20336e1141b,455,5,143,715
f7bfa5f0-32cc-45f0-b9cd-e64e3be1ef96,477,3,272,816
fb7e556d-bb25-4b86-97a3-bd16dea079c4,300,4,163,652
b933bc52-94d9-4fba-ac29-d54918cd42d3,439,2,68,136
4781d466-dc0f-4073-888a-463831016d0f,433,1,412,412
62be39ae-65c8-49ed-9195-2af7a7eed7e2,192,2,476,952
a79e299f-f0bb-42f3-9db8-4d8d3485f456,149,3,152,456
5d44d86e-ee15-4b95-a750-a983961afa49,202,5,222,1110
d78bcd7c-1c27-4ac5-ad35-245f6f48c6be,250,1,269,269
949c7440-4924-438f-b947-b56c2f4ce569,191,2,59,118
bdda20d6-c1c2-42a2-9973-11837a1813d6,196,2,461,922
eefef9ac-5c3d-47f8-8b1b-9b4fd1693a5f,17,2,289,578
d1bb8d77-5ad0-48dd-b00a-b7a18530d502,153,1,294,294
23b091e2-8c69-405f-9528-a5edbed5b790,18,4,338,1352
0adae11b-1e6c-4ede-864d-ae04ddb60f79,176,2,409,818
beddfb1b-3b7c-425f-bda4-5d1106cf5636,482,3,304,912
f843d0e5-6adb-4585-9037-cc8fc6e7bd2c,343,4,450,1800
3447db28-fafd-4992-9fa1-680447bba9af,448,3,315,945
1d9f4440-1f99-4a66-a8c5-b49b9596ea44,248,4,468,1872
8201e3e7-2892-4610-bf81-015783ed44ae,233,3,424,1272
ab6688a9-13bc-4b86-85dc-cbc6a4caaedf,432,2,303,606
9191fbe2-86f1-42d7-95f4-ac7dfab699b8,383,4,492,1968
c21bcc76-6167-4691-8ba1-9446a477d7c0,51,4,473,1892
00bdea13-6a6e-4aa6-a5fa-7472ce33fec7,454,4,183,732
ec67b7f9-b97f-4ddb-9f6e-fdbddbfe92b4,379,2,187,374
48b72d33-dd68-4c8a-804f-d926881f7c39,476,2,283,566
52eb0866-a2fa-4ee2-a9d8-c339bbbf11fb,248,4,173,692
7f948e58-59bc-4975-88e4-5606c0e55f55,289,1,56,56
4d24a32e-14bb-42f1-8a6e-d4d854a82885,258,3,186,558
87a0a7bd-dd07-410a-8a5e-af84e5b09e19,125,2,180,360
ff8d2123-e034-4cfc-a0bb-64233845611a,455,3,218,654
30ebe0cd-91d5-4625-b3b6-619d4c8e6522,175,3,368,1104
4a1d9e27-9c96-44e6-b9b5-225b3bca9d72,131,2,345,690
e8bbf75b-7699-4f13-a345-9a6282724164,393,2,155,310
b621d208-16d8-46bc-85f2-7001ae3b08ba,460,2,117,234
c2dd417a-6e48-40a7-a570-95008d454244,137,1,54,54
e3b49b93-0078-4b6d-be54-aec6cc786806,34,3,69,207
4ba0d269-0fb1-4e8d-adb6-94f367511572,64,2,65,130
833ac3c7-f698-44b3-80f2-39fd24d9935d,264,4,250,1000
d12624da-6b9f-47b7-a266-ec9d4ea6bb90,248,3,298,894
f5b411e5-2df8-4b4d-85bf-53add9327004,55,3,459,1377
1d501948-0301-428e-8210-5982359a2b54,381,2,219,438
7b03863f-0c77-4767-a75e-3cfde17e6cec,74,3,383,1149
94d8e20f-ceda-4a0d-9a6e-8f5adb3b6af3,5,3,363,1089
b24230f0-e1d5-47d8-bd8a-1df7a80ac18d,76,1,403,403
de7acf5d-499f-49ff-b26a-3b82829f4b00,50,5,383,1915
71ac03e5-0848-4cae-a6df-9939b0d64a8a,139,1,182,182
5b5b7bbf-96ea-4551-bf15-db0632d415dd,459,3,360,1080
2978a4d2-249b-4895-a56f-5adbdad8c4ec,377,2,103,206
46e8df58-0cd0-4633-86e8-9cd52a56fc14,493,5,228,1140
82862b0b-eb53-48f2-bc5a-df4671ae95e8,144,2,87,174
bff4aac5-d176-4317-b843-811caf834a05,243,1,55,55
8bbce82d-d39b-4da6-8b54-d7b5cbf70995,128,4,472,1888
4f9ecb68-38c3-419f-a220-9b586aa76fa0,347,1,327,327
fb5d9271-da2d-46c6-823c-4ca87bf8570f,195,3,484,1452
e47bcc82-edc1-485d-938e-4d3ae6ec6029,223,4,147,588
71d4915a-50bf-496d-b992-a551aacac81d,405,3,369,1107
d354d417-6618-4d3b-8750-52872656edcf,432,1,221,221
e96dcd0d-6731-41ff-a770-a04988fcdee9,300,3,268,804
4fb80550-a0a8-472e-862f-a0419960abfb,49,1,462,462
c1225629-8ae4-4df1-9e37-b3d6b6e74409,166,1,420,420
1c07cfcb-3030-49f3-a883-85efe7389b47,366,3,291,873
ef54b93a-963e-4fd7-9ee5-daea5aa661cd,380,5,313,1565
b6f5dd46-1986-4751-b52f-a4e8eea7dbd3,471,5,344,1720
b7fec231-f6c6-4a8c-b5e0-60c06d8a4472,174,2,388,776
077ea61f-ff2f-4c63-8963-a8c388059512,74,5,350,1750
6f5dec84-01c4-4f78-974b-1e4beafcc5e9,232,5,175,875
1ebe6813-ceb0-4858-8fba-ab3805e795fb,104,4,391,1564
b480ec9a-6371-4377-a0c9-cb84055233f2,364,2,123,246
7370fb57-a42c-47a2-ab13-de0996b118b6,73,1,423,423
0037772d-8361-4cbb-a55c-3e0196952d48,216,3,173,519
5d8ab3fd-e7b0-4db6-ba6f-2f6935efad78,254,2,484,968
f3cf16ca-0d88-47d7-b797-ca2fec924935,132,4,302,1208
28b68644-ffce-48b4-8549-707bd89dae11,273,3,342,1026
965bb418-f286-43fb-9844-0bce02a7e33d,108,3,276,828
40c5708d-0acd-4fdf-af64-30f1b2dbe6cd,148,1,460,460
1e8abc51-ca7c-40ab-8e1e-29aa2d0a6dcf,143,4,155,620
a72e8570-0002-42cd-bde6-e002d4df8300,268,1,445,445
d705b3dc-41dd-4bc0-b009-ccdf34ed541f,277,1,409,409
1cc2dbdc-2649-458c-b8ee-9daddf162b11,127,4,212,848
e692b736-3e01-464a-918c-1f155f823b39,257,3,409,1227
916cfed7-1ac9-483a-a53b-f07585b3bb84,483,3,192,576
22a1cd32-f39e-44aa-a623-caaacc83ead8,167,2,108,216
66a02bbc-72f1-4def-97cc-b6932e013bd4,373,2,58,116
f2a4da30-f1ab-4642-afe7-4339823fb572,371,2,169,338
97f0814b-d49f-4ae1-b85d-9f12909ba1f2,142,3,472,1416
0b91899a-56cd-44b1-aad1-5ddc6d19bc88,55,2,371,742
8aaf7a30-4358-4612-94f2-8eb1decea336,58,2,392,784
ed61d2c9-d663-49fd-a304-1c6ac3009650,155,4,353,1412
256f87e1-6091-4085-86fb-6cc2573c011c,31,5,62,310
944d9ddf-3ad4-4fa1-baa1-700aed8704bb,84,5,438,2190
a2cf99f6-bf23-4915-a741-e4b0e600d757,67,2,164,328
836cdb1d-d5e3-4b37-b7a0-a80663f59b18,367,3,184,552
545e6c69-6294-4857-a896-50052658a28a,202,2,267,534
7eb206d9-51b0-4c13-8ccd-af9ba706b55f,338,5,367,1835
a67c16da-9005-4240-b5d4-01e66c1f822a,452,2,325,650
1622ae6b-c993-4768-b758-4ab572afd1d4,214,5,335,1675
c2f1af0a-a5f0-4512-83b2-08a0c89c0cc0,47,4,238,952
98d3e7ad-3f79-4b71-985c-ff57954c5c0a,154,2,214,428
3a8d936e-c713-47ec-98f6-912a351527ad,4,4,168,672
98be2061-29fc-48f0-8464-7ad1e1c137ec,261,5,63,315
0be4ae6a-c07f-4532-8c02-d1a735395cfe,256,2,297,594
fd5fe23b-cedc-49f7-b5af-4a1f45d75e87,283,5,331,1655
b66fff2c-6c5f-45b9-ac30-90847dfc606f,470,5,432,2160
294d5230-8be3-47f2-8526-0bee54182e96,140,1,191,191
0989074a-2eda-4d53-995b-af85b27d2da3,227,4,106,424
549231af-4635-402a-af8e-82d0e16a4703,458,3,326,978
bbb0f79c-9b80-45a9-a237-ec7c0a4c5d04,107,3,262,786
9f60ef4b-6ef6-43f9-a7eb-2a984a0a64ac,101,1,262,262
46439cd8-2713-4e16-aac6-576c2a2aa6fd,369,2,326,652
9399f2ac-b373-420e-b915-e7b65facd079,145,5,372,1860
bb18eaff-53b6-40a4-9ddc-b54f9e498d69,490,1,63,63
287392db-d44c-4886-9daa-53c04d09da78,450,1,196,196
cf8f6830-ba68-478a-a183-eccda6e64863,172,4,312,1248
cf353641-4435-4a17-9251-58077fca9691,153,3,234,702
5d240e4a-b2ec-4dee-81da-d9446121a086,299,1,391,391
9164d609-3e02-4c0f-ab0e-5bfda41bf238,465,4,241,964
c4d793d4-2095-4927-a1c3-5953658f9051,215,5,148,740
880d9581-4cb8-4127-be20-fba88190a2f2,267,5,199,995
288619df-d77d-418e-9b20-df49702e49f1,349,5,390,1950
caabd5b7-d2f6-4182-9689-03267f931326,128,2,139,278
719ad9ea-38b3-49c9-ab70-20391caffa01,332,1,456,456
6f43d4dc-9328-4e08-9922-58b1aaed7ddf,451,1,367,367
f6cddf49-6efc-41c0-a046-a07b06d5870a,230,3,193,579
7c6443e0-b62c-4b99-a2a6-92d91a2e727b,171,5,99,495
e9e5eca7-38e8-48c0-947f-7bb53aec8176,371,5,199,995
89906f6a-f6aa-4876-8f4c-32504ad4a25b,114,1,317,317
25e85210-32a6-4f71-8572-aa6a8e728a69,298,2,336,672
896a57a4-b760-4b42-ba3b-0f7aed60b56f,482,1,490,490
b165f30c-20b5-4adb-bc13-5a6c4f00678a,312,5,347,1735
c4b451b1-ba7d-4b71-b272-1734028fc1e3,480,5,196,980
096fead8-d5d7-44a1-b949-a1eca05fea40,47,4,180,720
f2eddb97-f700-40ef-8b91-94fe88a7a0c0,316,3,308,924
acca0917-dc39-45b0-b6ec-0659e87ea2e1,392,5,148,740
c72b64c3-567c-4452-9e27-89d2a1062d0f,250,1,342,342
28512774-4863-418d-b8f8-c9940c3856c3,402,1,244,244
c71a7c41-9b09-4f9f-b0c9-b2d4dad6cde9,477,2,367,734
44397030-46c7-451c-85ca-211ffd38984d,366,1,303,303
89b58345-d359-4793-86ab-30cf630b592b,488,3,201,603
62fa157e-ba53-44d0-ab8a-4aff629bd0a2,46,1,474,474
e78b6962-0dda-470b-8807-7b254e19ff96,301,3,164,492
f13692e9-325d-4151-9755-0c6eaa6c0f4b,430,3,57,171
c2d07022-8a5f-4c77-9720-98e70d534ac3,299,1,317,317
4d921a7c-4924-41e7-9cbf-5dfa0bf93aff,7,4,461,1844
87545a6c-99a4-41ac-a048-d5c7ecd79f2f,247,3,209,627
6862f4db-827a-4aa4-adb7-24321db20264,483,2,488,976
88c9c5f5-976b-4cde-b75e-a9b39bc64868,195,4,353,1412
dce561e4-8ec0-4974-bb49-7480a6fc82f9,400,1,454,454
bdf93bb4-eb63-4077-afe2-84dbebfaacd3,332,3,355,1065
c8d6d180-b335-4abc-8792-f5800aec58bd,322,5,228,1140
7b87e984-a179-4d23-ac3c-b8ccb3a7e275,90,3,263,789
9981b419-46cf-4a07-844a-810cd60acb35,67,5,385,1925
cbe6e8a5-3bc8-4c10-871f-2c3afdbe74cc,289,3,240,720
0e5aa636-4920-4cc9-bcdf-e6bbdbf835d0,104,3,420,1260
c9d28524-94c5-4014-a9fd-746305e12fb6,182,3,357,1071
680f6dde-97f4-4282-812e-ac4afde4f83a,494,5,92,460
23cccda8-2ea2-4894-bb21-f9c19ad0b05d,349,5,470,2350
28185307-1621-4338-9e34-c8306c3d6d62,214,1,255,255
f9f900a3-0e01-4c40-9e93-70b4f229f1bb,484,5,405,2025
5399cde9-2a76-465e-8727-e222eecb5c2b,422,2,131,262
033df926-8754-4f8e-b967-a6e4303ec866,69,3,457,1371
60716fec-d05b-48d9-9430-2edc9436a823,298,1,435,435
3ffb88c9-ad37-4590-86e4-c8b024e627a2,331,3,95,285
71422a42-b237-4f90-aa96-9f55945f80ed,177,5,227,1135
6495bc80-54fa-48be-8410-db6dd50ed7ea,224,2,312,624
cfca0864-32a1-4008-a441-542f117dab4a,313,3,428,1284
ef6f24d4-e9fd-45e6-aac7-58e6653c8a40,306,3,89,267
1459aa26-f85c-4eb3-84bb-824c0adb488f,416,1,467,467
339469f7-ce86-44e3-b101-744d45540e05,194,5,391,1955
7a977501-9449-4c1c-a59d-5dd975b241d8,347,2,446,892
d9235315-a267-4fb4-bf0e-10067c917925,322,4,336,1344
4a958b62-fa64-49a5-a547-fe67c7f85a1c,184,3,77,231
5d2745b6-5d32-48ba-aa10-7baf7d8e613a,464,3,126,378
6045c881-2a95-41c3-85db-2f3c02d592c5,61,2,297,594
8cd81801-3125-45dd-b14f-bb2c7885a2a0,48,4,308,1232
983225d4-f217-41be-b309-6b5c5d7d78bf,195,5,163,815
bccaae69-cc53-4abf-9826-75ef10cfc484,413,1,387,387
6d8041b6-adb4-42b3-874b-48a015bcab8e,57,3,124,372
8127f05c-f43a-4356-8da7-bae8b482680f,465,5,316,1580
cd5467a6-0864-4ed4-aadc-1eaf00fc2169,254,4,156,624
49dbdee9-6796-4e58-9cfd-137be42a00fb,244,3,205,615
e1e16d3b-3b09-4b5c-a9a5-36762d6f7bec,145,5,150,750
ed52b85b-eba4-46a4-96af-ebd89dcc854a,209,5,91,455
0612ac74-809f-4397-b1df-47d445d43f8e,432,3,161,483
939cc3e1-dfb0-4873-93b0-e631bcfd5f01,414,5,76,380
f26fc8d1-9f3e-4da4-87f5-3d807f0d8147,302,2,297,594
2433f0e6-011c-4c87-9bf7-7771d0c3939d,167,5,232,1160
9108ffe8-5700-40e9-8995-6187447d849d,375,1,233,233
bb10cb16-049f-4317-9055-360507b0007a,482,4,152,608
c356b6e8-f8cf-42ba-be8e-7977c99098bb,348,3,230,690
80e4fce9-1f6f-45b6-bf13-a75bd741a7ea,18,5,306,1530
3a02e0fa-4888-438d-a4fe-2606db61c447,163,2,237,474
3ca2840c-6a9e-4b92-bd49-3da3739bf5d1,210,4,225,900
7473b010-c087-4278-b10d-a5fe5c2dd0d0,239,3,382,1146
4c465cb6-b586-49a5-af38-74c4e2819de4,81,5,301,1505
7e630aef-3638-4507-ace3-a4eff7aa0443,227,4,221,884
fb382929-86aa-4813-a811-56fc94f9b6e9,66,1,161,161
f6e49792-64bb-4262-ab91-151e3137a765,80,1,424,424
99ef5533-203c-4228-8111-55c7a6df3acd,138,1,81,81
cd7a13d1-99be-419f-8412-6f480d8c654e,353,5,442,2210
5887467c-992f-4fa5-beeb-7b61c48e0efb,402,5,241,1205
80afa6a7-503d-48a6-a49e-bbf2532a5e35,149,4,242,968
f7ee9670-7007-4012-9708-4811a5885e48,43,1,156,156
8aaacc64-2ec3-4c2d-b797-3049c0f9118d,157,4,383,1532
aa5ec847-d42d-4fd0-b32e-27431bcb6526,15,3,79,237
ca28d5b3-84c3-4847-bf9c-d77a6336ec4a,17,4,301,1204
c4415d76-65af-4f76-bb3c-37804383a14a,161,1,313,313
abb1a444-d7be-441d-ab03-5dc27340db55,392,4,139,556
263708d2-f678-42d7-b5e0-573a4322304a,171,2,282,564
08eef7e4-d6bf-4092-89f4-625ccc389229,484,1,220,220
53212126-38d1-443c-bab9-cad0867a33b1,14,5,384,1920
76bdf57d-04f4-4513-a5ad-d2ff95f230f9,443,4,429,1716
49cfe056-d40d-4d0f-8521-8d32705de93c,191,3,304,912
d5126f5f-09b8-4300-a8f9-e430e9574422,134,5,416,2080
134fd6eb-d1e0-4e77-b193-c076eadff670,133,2,379,758
dc647941-812d-4442-8f92-e21b70554e49,23,5,328,1640
a8a627f8-d9a3-4f45-8f06-30e61905689f,149,1,92,92
80c7ec2d-21b7-4614-a5c8-9f6e15cc396c,8,2,122,244
13788bf0-7532-494b-8d73-ef496e23cee1,103,5,348,1740
a509485d-9fbf-47e0-9496-f102b2d38df2,223,1,241,241
44f228cd-7aef-46b4-a704-b75a9ffb8c2e,215,1,140,140
aabb52e7-de43-47e6-bb07-133fffe16164,167,5,461,2305
4d7639f3-6419-456c-9d49-8a5248ea1426,96,3,124,372
e44bd6e6-8fe8-4382-a78c-42d1101ea5f1,391,1,218,218
74e60097-29a4-4665-88ab-74c44899ba59,257,1,398,398
94d2714a-2bb8-4189-abe2-b3a333f6ce7c,397,1,278,278
3fdc87c1-ad57-4f7c-bd20-5a88f67aa9ff,240,1,409,409
d8ec97d3-4f21-44b5-bb0c-5aa76259e08b,185,5,121,605
b50ef3d2-1cc2-479b-8abe-36d8cbfc2942,228,2,132,264
a730d903-ab5b-4fff-8c4b-e7785ae773d4,426,5,161,805
869318ca-1ccc-494a-ba2e-850b0d5602b6,191,3,476,1428
13f20521-d640-4101-95cd-8313d879c534,392,1,465,465
acd6fa50-96a7-46c9-ba77-2e465fa10a70,498,1,455,455
2e2ad37a-2e89-43cc-9b66-026bbd3bf44f,394,1,354,354
37077460-6780-4b65-8be6-13531f6efae7,328,4,119,476
584bf0a2-86c2-4e34-b019-505182c7ce16,346,1,80,80
03f77bed-95bc-497f-8008-0230779efa29,408,1,146,146
875cb01d-c92c-4034-96de-9d2e316e0d4e,7,4,58,232
9b72b48c-3902-4b38-bc7a-d3241a0a9917,87,5,77,385
798a39ef-4cf7-46d8-a857-106e778ac5d5,29,3,350,1050
d296da84-d1b0-4e5a-bcd2-a323edb7f12a,111,2,110,220
81ac2ceb-3e57-4e8b-bf67-2315f5f084e3,40,3,407,1221
6c3ae7d6-d933-4ee0-b7a3-029dc40a58d2,187,4,424,1696
9a1b7cc6-aa85-4ff1-8057-3f3ea6aa3583,75,4,228,912
f7bd9216-d68a-4460-b589-a9d6cdd899dd,483,4,189,756
feccab18-f4be-48ff-bb73-5fd5d8f83e57,72,4,448,1792
a1d6c997-f7ad-4018-9b6a-ae735d1581ce,108,3,489,1467
8bffccec-bbb0-4d8e-9398-9034d4e4b2c3,431,4,335,1340
195ab98f-1c3b-4892-ae0d-bf8146ac733a,122,5,412,2060
73537174-8e67-4882-98b5-471a5adc5146,406,3,359,1077
13363615-6dad-490f-9fc4-4a156d449d89,166,5,488,2440
fe366a8e-1c5f-44e0-960a-f270b0a1edb5,214,4,413,1652
9b645ee7-979e-4017-964a-0fb21e4e49a0,149,5,210,1050
987dcb83-85b6-4703-8c78-65a05e21f614,452,4,194,776
194e1eb8-db59-49c9-ad10-d3661fe356ef,322,3,139,417
106ac9a2-4ef4-421c-b383-b1e2eadf088d,374,4,238,952
94dc1820-bdff-4919-9f44-f57dfdef9383,212,4,230,920
bad5c15a-5b09-4d8e-82ab-50c19cc8de1c,444,1,179,179
544e9fcd-8c3d-42de-8042-35e92ea5c6c2,83,2,258,516
2804dc0d-635b-483c-b16a-607f3df9681d,121,3,125,375
bbbd6a1e-217f-4617-bf57-764fcaf65951,444,3,458,1374
86d2c7e1-249c-4ecd-affc-60f5e7bb531c,212,3,474,1422
9456e9cb-b437-42f2-b49c-d107efd1ff9f,311,1,75,75
d28df91a-8322-47fb-abb2-1fd7ecc2555c,166,5,265,1325
dd50f223-f020-4b32-813d-b530eba9d9f7,35,3,472,1416
8844c09f-7571-4bb3-8ea7-a4e19d43d845,375,3,338,1014
524fe276-177a-4b55-bf50-0a4ce8614cab,397,5,437,2185
630750e9-75fc-413d-86a9-c82d66050a87,42,3,304,912
7a9b8b36-a987-46b7-8685-89f8031d4618,277,5,304,1520
d753ca31-8055-4f52-ae13-7a8c229d93fc,425,4,447,1788
d6a47384-0b39-4681-85ca-e6cfec87b326,45,3,263,789
c24e99e4-46c1-4449-92f9-86aa7c5b3396,220,4,258,1032
78b47512-bda9-45f6-8f24-833406af79ae,47,4,298,1192
9f6fe88b-647e-4689-a72a-929422ff9aa4,213,4,75,300
2ddf5102-9aa0-474f-bb9f-d2dbbd25c956,61,2,98,196
0dbfbf11-2e07-4e8d-a842-b5359fd5df96,186,5,415,2075
46ac4014-2677-4593-90eb-d501c2d49a04,258,2,419,838
bd51673b-00ef-4a3d-a9f8-931f6644f3f7,434,5,321,1605
7a4d9639-8fdb-4bc3-8dc2-67fdd0dd4ce3,299,5,482,2410
211bd9ee-657a-48ad-bd41-8e02fec3641a,98,3,396,1188
f94d41d6-6e12-4d19-a119-ed4a1f9188c0,482,3,309,927
c40b1a29-9811-410b-aacb-2135691aa06f,22,4,99,396
1988b053-3e0f-47f2-8a4f-48e9ea7d977a,282,5,309,1545
1991eec3-edd9-43cf-997a-cfcb352019f3,386,4,148,592
99518a72-0d3e-4682-bc7c-bfbcad70acb7,389,2,204,408
d635f4f0-e48a-493a-9379-e7c46c34f0e4,175,4,384,1536
b1532199-c4a3-4bd0-8c55-cf835f1b3cbd,310,4,460,1840
f7f8d5f6-2940-4ed3-8aea-0e1c042453ed,304,3,347,1041
f827a65c-c49a-4ab7-b684-1a1a8abf9a59,47,3,474,1422
b36819ab-f8e6-4dd6-af44-ecbe1c66266a,188,1,177,177
99a3c2f0-97a0-4b63-bdfb-22244392e50c,209,4,237,948
68d700dc-e971-4df5-b275-ffc99899e739,295,5,124,620
46905806-cb7a-46b3-a913-32bf0c68d0fe,382,3,91,273
6d78bf3f-8a6e-4661-bc33-c78de38af16c,212,1,269,269
96d26011-0340-4831-a754-1bc7befeef10,25,3,126,378
fb5555bb-246d-42a2-bc3a-ac66873d38e3,487,2,261,522
ea28efd7-5d3b-4d03-bb2b-145aed472b99,61,5,443,2215
71b7dff1-befd-4294-9a0c-fcd87fd26bf6,118,2,66,132
d7b57614-5333-41c7-a25b-438936191882,486,2,325,650
191e5b18-a7fd-43f0-a774-5ce3f668ef85,429,4,218,872
49dd86e9-7da9-4221-aa54-10412247ca14,78,3,331,993
3effd580-2779-4f51-aeef-2fc111ebc24a,105,3,329,987
1661277d-af05-4129-93ae-00b761f86504,48,2,413,826
700c4e85-12f1-407f-90a3-1e00a01e05f2,456,1,67,67
335c0c06-da13-4c61-8177-c146bc98d49c,205,3,83,249
02f3e4e3-9ae9-4987-a04e-7537028535a0,2,2,85,170
e74cadca-52f7-498f-b3be-62fa76fe6e9a,318,4,400,1600
6eda86ce-37ee-465e-a890-c1731e24886b,31,1,109,109
8f0ab82e-b75f-4d41-a647-52832019fc99,362,1,113,113
8e6da598-607d-4d48-a084-1cc6bee683b8,429,1,206,206
603a4d70-f955-4a68-acf0-224c76f44653,260,2,324,648
283a804d-93e6-48b2-956a-df8ba25004c1,456,1,376,376
fe26c51d-ea4c-4c3a-982a-0a75c3ed9977,129,2,234,468
6bd39193-b2ae-4d55-beee-57ef2312f202,167,2,349,698
76ab15f4-75d7-4a0c-9bda-f80a593ece3e,424,2,468,936
654dc1dd-58c9-4c7a-9095-4c314c5f1269,57,1,291,291
44bf9e46-c4a1-42eb-bb9c-7444d4e1045d,448,1,76,76
3fe6af7f-2cf8-433f-bd3a-5d3e50f4243d,284,4,178,712
fd5b4161-a1b2-436a-bfab-4cb0137900a3,458,4,108,432
6927c2e2-03c5-40b5-8228-851352754804,184,1,222,222
b9284b9a-da48-4c5a-8a93-2946bc5feffc,233,5,87,435
5ff56d71-be34-49b3-b28b-edc6e769b179,65,4,275,1100
626b2276-56fb-4f5a-9b5d-4ea2cd85c51e,407,5,334,1670
74a44e2e-7b31-407d-82e6-71c03abde632,351,3,187,561
2357e32e-f0a0-4b8b-b052-5c7459354807,85,3,380,1140
d2457041-0f1a-49a2-b7fb-5f6efd0b5d4c,240,2,239,478
511d44b4-44af-4305-8659-45fd5729a449,330,5,318,1590
fdcf6c71-4201-48d9-aab2-085fcc041f48,357,3,74,222
30f253da-e4dd-43ae-ae7c-953bb3025a44,261,4,132,528
3f3ed035-5333-4a10-bbf8-415e4b302e87,83,4,340,1360
7dc2c929-c274-4de5-9b0a-fa2dea2f6fdf,302,3,419,1257
5cc457af-aa00-45fb-a3d5-926766ddbd6e,344,4,449,1796
7d212cda-cc64-4b06-b143-00e4311967ef,218,1,322,322
9c1f6ec0-f04f-4b17-95b0-9fc91a96a524,273,5,85,425
f7cddbc9-f314-4be2-88b9-b1333bba3a4a,448,5,496,2480
bab5884a-fc31-4e2e-9e17-e44654db544e,232,4,144,576
11e17ce5-de3a-44ee-8eef-eda756fa89e4,319,3,229,687
14921fb1-9345-4ded-ba0a-79b60efc11a8,463,1,453,453
d915e9e7-eb87-48c5-842f-4a671cf0fd08,307,4,108,432
f81b72c4-dc99-4105-9625-d763ceac504b,172,5,453,2265
cfa6d9fa-e8f2-4964-9f9a-6480c4e0dbd5,75,4,231,924
0ef95831-5135-4ee6-a52c-94be27c325fb,291,1,231,231
952bd767-80c9-47d4-8b21-2398c7eda7a3,418,5,154,770
556f5e40-c763-4476-bf28-f5638e2c200c,262,2,382,764
4fa95583-0de4-489a-bba0-87f3e1051eeb,354,5,163,815
3a679db3-4d02-4687-b2fc-258e6610b082,287,3,71,213
c0be0cf4-6381-42b4-ae5d-3552366a5f78,260,5,118,590
9a37055d-07e3-421e-9473-c81d5533e8ce,32,1,223,223
38928aef-996f-42c5-bb0b-7628bbc11cff,199,4,87,348
e29db699-b27f-4bee-a229-baaad622e7d1,6,1,329,329
42dcf096-38a3-4479-bc85-233002ee4ae6,247,3,77,231
809d2953-39ce-4d4c-b25f-9581cdc2edb3,201,3,60,180
ee3018f9-63c2-4f3b-a826-777b4603df7f,385,3,54,162
882261d7-5605-483f-b823-e9525fe3db76,214,4,91,364
0ce14b8a-d56d-4c5e-8c95-74d031f2dac2,465,3,247,741
3d68f508-d7e2-49f9-9978-aafbf5b15d03,461,4,135,540
f88b4687-7a0a-4ecb-86d6-06cf896b728a,412,2,106,212
cb9dfe38-6046-4a99-85d7-7b4b5a76c5c7,429,4,364,1456
93015670-edf8-48c2-9a48-ac14fe98d299,177,4,464,1856
5da10e8e-b994-4c66-8115-ee81226cb4ca,245,2,69,138
2dd607d2-162f-43fe-bdef-773083c0b3cb,82,1,392,392
ab8ed2b3-4a8b-4a73-80a6-96fd5f9e1368,443,5,413,2065
5d2a2b3b-0004-4e07-b122-2d7c0ac9384b,140,1,321,321
030057d2-6959-41b7-af07-02501f5e2c29,136,4,368,1472
55594e7e-7c85-470e-a530-f91d22a966bb,9,4,134,536
c456fe34-6b70-474b-86e1-12ea90274ce7,231,2,186,372
9acf8bef-d558-4c3a-ab82-651105c2cf56,329,1,469,469
d05da289-1195-472f-9541-5f1b0b67eefd,213,1,259,259
01a7635e-abaf-4a22-a216-b768481824be,451,5,407,2035
42a2f675-4509-4c80-b090-a54d1a819bd7,143,5,400,2000
e4bd20c0-8468-4a3f-8fdc-cbbf801ec948,378,2,315,630
f4ab3790-c177-4bb7-9165-a97fbd49c78b,81,5,55,275
423b6a51-63ef-4665-b496-511e91f73e8f,137,2,451,902
530a2340-b526-4b4a-a9a4-e3223998f1eb,209,2,135,270
e2a8286b-c03f-408b-ac77-cbc4b6518202,53,5,473,2365
35f73394-7185-4312-83fb-60e617332737,63,3,173,519
2b4a008b-0164-49d2-9212-334f79a5908a,134,5,357,1785
a9225291-82d0-407b-9583-841b89841475,176,5,499,2495
499307d9-eddd-4fd3-8545-a24ab16bcd40,206,3,290,870
ab1b45ce-db05-4085-aedd-9c9ca3495cff,244,4,199,796
2bf13f17-8796-4c22-886a-4701cb657430,435,5,282,1410
bb5ff181-5db4-46bc-ac25-9d975e60db0c,42,5,328,1640
a190ed9f-dd3a-4559-81ce-94c696e2204e,158,2,388,776
5d7d9422-9d29-41d3-93b4-a50eaf9510b8,43,3,142,426
ebd46f17-5101-4f91-a3ce-217aa67bab4d,346,4,157,628
faaeffaf-eb42-4c0a-8e18-059a761df4fa,358,3,183,549
231a3bdf-5185-4af6-8f8a-03c805d0aa93,210,4,57,228
71d14c74-da71-4373-a655-aaebb9bee653,285,5,211,1055
fff2a10f-13d0-418f-a6d0-07f495a2b92e,195,4,378,1512
8f48be90-2dbf-40eb-af31-9f5cd7691605,4,3,273,819
4004c6eb-c471-472f-973d-7713d38d82ea,412,2,233,466
38efd8e2-52f2-4260-93f4-f946bcb20d4e,196,5,497,2485
2a9a5b20-bc12-4d5a-81a1-110f62764139,420,5,180,900
dfba8ead-8045-4795-952a-e1efee04bfaa,368,1,64,64
d5331cde-4e25-4ff9-8c2a-e219369238ac,216,5,450,2250
64bb8744-bac3-4e3c-bd6a-741835018e24,255,4,246,984
cddc7b2b-e9db-41fb-9be5-819117e22f87,179,2,495,990
3766e8ec-5dea-4724-9f73-b948d12b8c30,321,2,443,886
0256deaa-0f57-402c-96c6-47c170fa6da4,375,3,496,1488
764f87c9-9b41-48f8-8a32-47291304e14e,85,3,412,1236
50ce19f3-9a35-492c-9058-2974516887c6,29,3,80,240
aec79004-8e07-4905-b413-66fc33c11d1e,176,3,173,519
cbee6f44-382e-498c-81b3-d53486d96650,268,3,293,879
772cc016-d68f-4fd0-b131-328ee7353985,144,4,197,788
79651bcf-2551-4a99-83c0-05943deb6625,145,2,348,696
1a38c731-5963-4af9-a89b-e89e58dbe0b3,77,3,373,1119
b854d249-0520-4ecb-b4b7-794b736adb55,467,5,153,765
36ce6ea2-8b75-4deb-880d-f633abf51d0d,243,1,318,318
6df6f26c-16ed-4f91-aa9d-4f5216fd2f16,141,2,338,676
24fa5e97-2f8f-40ea-9f3e-7c223306b393,233,5,257,1285
183cfc4d-a5f4-4e4f-8e5f-2da09c494f0f,459,1,442,442
8e7a35a7-2af5-4467-8686-544a8ae82a64,187,3,145,435
b2bbac69-e056-4d43-a21e-32b017e2c9f1,446,5,172,860
18b6bf9b-3e26-4eb8-b34a-cfb11259ff62,255,4,381,1524
4549bda1-25bc-4506-9292-fc3c5268ed0e,301,4,203,812
723133f8-420d-4c0a-9626-9a2ec02b1e24,152,2,102,204
ac701e86-a430-4d7d-8484-153b99273bb6,81,3,493,1479
fa0006fc-11c4-4aaa-8101-5cc6dbf7e8ad,355,2,152,304
f0ed98fb-b2e8-4b6b-a9bb-cf56bcba740a,389,2,379,758
b2b643a7-4ca9-433b-97a0-9961a3fab37c,311,5,484,2420
23edce7c-8df9-41ac-a78b-f5c1b8f52d2e,451,5,483,2415
578a42cb-dcde-47ab-9c7d-6d78954e6f12,47,1,379,379
c3ac8416-b650-4d09-99b8-3bebd044eb5a,304,5,375,1875
08261fe3-8f14-4b2f-b605-6cf36679ecb3,419,3,227,681
2ee733e7-12d4-489c-bb01-0b4146ea35f1,383,5,479,2395
f793aa87-5adc-4104-a1d4-8cccdd1a1f5e,44,2,334,668
b166797f-df5c-466f-aa8b-fff7e191da2e,68,5,308,1540
be64543a-91e6-4481-97bf-76c026939322,328,1,281,281
bb44d627-a258-4ce9-b9ab-e79963a50203,58,3,172,516
5c17bcd9-d3eb-4a75-aeac-ca4900b41d37,38,3,179,537
0693d019-e64c-4641-b13d-cc99b2fc8a7b,484,2,426,852
dffe6873-5a66-4d0c-b95b-cabd4dc87c6d,428,5,153,765
7c5c71b2-8d6a-4110-bae1-7c65d3a128fe,190,1,184,184
50d53ff0-0e90-493e-9f96-18738987cb41,167,1,401,401
80aa5cc1-5cc1-4f6b-b981-d22becf2995c,324,5,397,1985
4c849fa4-6ed0-471d-9459-96e6fb5ff09b,392,5,477,2385
2bbcdbdf-cdf6-43e2-8fbd-b28e1952d54f,450,5,404,2020
4871d0cb-21a2-478d-b714-84f7d8dab18d,197,1,156,156
56b37395-c049-4d5c-b579-ce3fd9b8ca9f,422,5,126,630
ee238409-7968-41ae-bb82-55d0e00417ed,64,3,273,819
1ad87bed-72ab-4151-8329-0ae1189d7740,135,5,199,995
563cd06a-7e85-4731-911b-d584ad625304,303,3,352,1056
11369f65-dbc4-4fb7-9837-6e2b6856b673,468,5,297,1485
fcad394f-404f-4953-a608-859ca6e2b38b,447,2,300,600
805e1e82-7408-43e8-9894-b84f8b86bffa,31,1,101,101
f769270d-56af-4e8b-9a6d-8aa921495588,276,1,311,311
a69161b1-549f-4ca2-8319-97c33a72fe92,459,4,157,628
e8d02390-cc03-4677-93e8-66659ef9e04b,364,4,279,1116
83f201ed-81c7-4b54-b3f7-41460a96fb28,350,3,104,312
87141fe8-390e-4b57-ac27-e35cc6e577ba,335,4,324,1296
aea0d339-083f-43c6-97ec-53fafcdae5aa,480,3,248,744
757adb9a-0b6d-4157-9d0c-2348188d7163,25,2,186,372
a6c6c4ac-5df2-4e60-bdf0-e2044f5b7f25,263,3,62,186
85910ff5-fc07-439d-8e4f-8189ea3c0b24,447,5,183,915
0081a9fe-3bba-4eef-8775-b6881616b748,261,3,132,396
053bea59-c2e2-47ba-a502-21d17e67f487,90,2,342,684
497b18d4-49cb-41b4-8be9-873a39928eea,207,5,102,510
c116fa4a-aff9-4daa-bd5b-74da9666ccab,389,2,398,796
ed18f451-ace2-45fb-8c68-113be96585c4,228,2,429,858
cd99ac19-3874-48ef-bca7-eb186576e875,1,3,351,1053
5e2de829-12a7-4ee9-bb03-59206f7eb747,288,5,307,1535
8b444e7e-3213-4aeb-a043-0f58c150157f,409,5,232,1160
b2bdf6ab-affa-41f8-858b-4c25d5aadd71,231,2,233,466
af093a08-89b3-48c6-b161-28f0db71bdab,74,5,445,2225
745f4f4e-40a1-4468-807a-2bcc1aca4478,50,5,420,2100
1bdcd129-caaa-4082-b82b-a948036e2478,446,1,168,168
addbd660-c7de-4394-92a8-5e9be283a1f5,365,2,374,748
884cb6eb-b2e0-48ad-9368-b528c57921bb,428,4,465,1860
9cfcd730-bb12-42b1-8dda-58bf11293dcb,11,1,273,273
541aa326-45ba-496b-9125-ca8b528656d0,54,5,112,560
93ac1198-d838-48af-8027-601b1812c5f8,21,2,110,220
dc961751-6a5c-4fa2-921a-fc4fceb921b1,195,4,302,1208
e4efb0e3-912d-4b3e-ad4c-814312df4e1f,58,2,270,540
7e473afc-84a6-44ec-b826-8fd5643300c5,199,3,439,1317
ad060055-9a34-4bba-8db4-14502f915766,381,3,403,1209
e99f08a1-9c05-4f55-bf5a-df76f6c52380,483,1,148,148
e09e1a8c-ba97-4a6e-afb8-aae7006d4baa,369,4,274,1096
7d865d42-7eb1-46c9-952b-8db9f25d24cf,203,2,384,768
3caca19f-1bc3-453f-946d-b7bb0bbe6865,143,3,367,1101
31952991-abb5-4930-91bb-cf9266ac9060,119,2,486,972
a122e184-f079-49b9-be8a-bf439db9e2b0,399,5,361,1805
72b49638-421f-4bcd-8aaf-f66271631730,381,4,309,1236
fecb6c77-7181-4417-8992-156b1f558eb0,323,1,355,355
51dc6946-d55d-4453-bf05-351204a0f405,102,2,170,340
4d35e542-bc32-4c13-bb28-8898b0366e4a,65,2,417,834
ed3461d7-92ce-4a26-842a-bacbd61dacb1,298,2,288,576
10eaa899-e510-4989-bef1-a3f60c1ee9f3,227,4,408,1632
4a0e0591-baaf-4959-8701-cc4252479419,342,4,423,1692
ca80213a-2050-4cd4-b97c-7f18ca39a57c,426,5,391,1955
83f4e7da-c9ca-4028-812e-044e8f7c40a9,96,1,251,251
523e830a-73e5-4664-990b-c64114bf3cc9,161,5,234,1170
fa1605d7-a286-419f-82a9-a1e31ad65a1b,73,1,384,384
b8795e3e-1aa0-457a-9fc1-89135c40a281,238,5,165,825
a0bb00bf-7c68-4771-8089-a58cde2ee91b,432,2,247,494
39049918-0a36-4cc6-8c19-a7c6a87c664e,45,4,174,696
c65670e4-6645-4000-a7fd-04e628014916,488,2,112,224
b03a4d91-6e34-4bec-b184-36f7bc3374ac,243,2,347,694
2782493b-3398-4ff5-992c-ae98124e24f2,73,1,167,167
768171ac-ee0a-4b5a-b0d1-79670f486221,235,1,106,106
6fc9020b-f96d-4b37-b12f-dd4ce0de5a57,357,4,131,524
123c4c1c-acc9-4830-8a59-686afc48704c,283,1,264,264
5285ff6e-1a0a-443b-8a70-08d685696948,145,4,376,1504
760577f9-1d5a-45d0-9ad6-fabf300a8fcd,327,1,136,136
a3c42527-f11f-4297-a48b-7c4641f03093,419,1,53,53
01e04f65-508e-441a-a05b-c61fae088e20,418,2,480,960
10a2991f-408b-45b4-b5c5-7e3a59f0bf2b,322,3,413,1239
2a2bde4c-d594-4d35-a6da-d67b98ffba40,6,5,125,625
4aa82f03-9d2a-46ca-8505-6c3d0e6f6572,48,3,330,990
9a8c94c8-60a2-4ff7-9030-309c0df6ef45,302,1,62,62
5613e704-1f09-4e4d-8486-80ccf238ef41,73,4,283,1132
023846f0-a5b0-4870-a88b-282d1827c9b2,474,4,493,1972
f9ad9a69-f6ba-40dd-9a53-e648bbab64bb,5,5,383,1915
d7f4b292-92ed-4475-b5e4-d5dbc953f2a5,352,2,479,958
cfc76c64-9092-4958-a697-8305d8b5b52e,205,1,275,275
c1a22a90-313e-4466-b3f2-68531aa1b130,122,1,340,340
aac4007f-33cb-4db9-8898-3bdc9582b140,107,2,434,868
cfd371d3-a005-48b7-b071-473f366af4a7,65,5,414,2070
109e7eb6-f7fc-46dc-917d-ddc65ec2363b,251,5,292,1460
484fccd6-075f-4035-845f-8a334e0b288f,105,1,184,184
389633c3-0803-43d2-9d87-563a7f13f428,95,5,121,605
fba974b6-74a1-484d-95b9-55a0ab07c6e9,258,2,451,902
4e2b1b17-b1af-4f38-aa05-27edbb13a08f,242,1,307,307
da7ff16d-7829-482b-b2ee-8e62ee82a94a,479,1,207,207
45dcc432-2257-4929-809e-c843c5729437,359,5,264,1320
08fdd104-74f3-45d9-a928-13d36e05444b,233,2,238,476
885fda85-f45a-4eab-972b-fa0b2033a87c,149,5,50,250
b3fa64c4-9f40-4ddb-a1ff-dbc9a6d11357,341,2,475,950
e56c5589-9941-4512-a2de-b5585cc02445,439,3,500,1500
2534c4cd-ac82-44ec-b9d0-43e83a6d7f0f,490,4,487,1948
3d997703-98b9-46dd-a2e9-2090c7298e02,500,3,192,576
e5e812df-959d-4722-8863-9c30721e2a76,405,3,436,1308
c3bcaec9-55dd-40e0-9928-33284c686d98,278,2,201,402
82be7a3f-c5ad-4bfe-89fd-663a715b81b7,397,4,446,1784
26d1959e-0e8c-450b-8070-d22bf3057606,80,1,267,267
b538660a-5b97-4a17-9e6d-b72d3a0acd65,349,1,301,301
adf3b9a7-2927-43a4-b15c-4c21aaafa823,420,3,335,1005
61dfe8b3-7a2e-4241-b62c-5a3062c062b7,436,5,383,1915
747da1d9-f2f3-4e70-b892-80edd7df93ff,172,5,330,1650
e1b0bebe-8856-404b-a549-7a6e357b95fa,495,4,267,1068
d580f1bf-990e-4346-b6a2-5b6ea788f5d2,297,5,125,625
e168049a-f8da-4dee-bf2d-82259e8ea322,451,1,172,172
22de2124-0ab5-4156-bdba-eb297806c876,143,3,102,306
